"Id";"Designator";"Footprint";"Quantity";"Designation";"Supplier and ref";
1;"R2,R1,R5,R4,R3";"R_0603_1608Metric";5;"1k";;;
2;"TP9";"PinHeader_1x01_P2.54mm_Vertical";1;"RX7";;;
3;"U6,U1";"PowerPal";2;"Power";;;
4;"TP10";"PinHeader_1x01_P2.54mm_Vertical";1;"RX8";;;
5;"U4,U2,U5,U3";"Max3232";4;"~";;;
6;"TP2";"PinHeader_1x01_P2.54mm_Vertical";1;"TX1";;;
7;"D1";"LED_0603";1;"Dose";;;
8;"D2";"LED_0603";1;"AMU";;;
9;"J1";"DSUB-25_Male_Horizontal_P2.77x2.84mm_EdgePinOffset4.94mm_Housed_MountingHolesOffset7.48mm";1;"DB25_Plug_MountingHoles_Male";;;
10;"D5";"LED_0603";1;"ES";;;
11;"J2";"DSUB-25_Female_Horizontal_P2.77x2.84mm_EdgePinOffset4.94mm_Housed_MountingHolesOffset7.48mm";1;"DB25_Receptacle_MountingHoles_Female";;;
12;"TP1";"PinHeader_1x01_P2.54mm_Vertical";1;"RX1";;;
13;"D4";"LED_0603";1;"Vac";;;
14;"TP3";"PinHeader_1x01_P2.54mm_Vertical";1;"RX2";;;
15;"TP11";"PinHeader_1x01_P2.54mm_Vertical";1;"RX6";;;
16;"J13";"DIPS1524W51P254L6096H419Q48N";1;"110-43-648-41-001000";;;
17;"TP14";"PinHeader_1x01_P2.54mm_Vertical";1;"TX5";;;
18;"TP5";"PinHeader_1x01_P2.54mm_Vertical";1;"RX3";;;
19;"TP16";"PinHeader_1x01_P2.54mm_Vertical";1;"GND";;;
20;"JP9,JP8";"PinHeader_1x02_P2.54mm_Vertical";2;"Jumper_2_Bridged";;;
21;"TP12";"PinHeader_1x01_P2.54mm_Vertical";1;"RX5";;;
22;"TP7";"PinHeader_1x01_P2.54mm_Vertical";1;"RX4";;;
23;"TP13";"PinHeader_1x01_P2.54mm_Vertical";1;"TX6";;;
24;"TP8";"PinHeader_1x01_P2.54mm_Vertical";1;"TX4";;;
25;"TP4";"PinHeader_1x01_P2.54mm_Vertical";1;"TX2";;;
26;"D3";"LED_0603";1;"Beam";;;
27;"TP6";"PinHeader_1x01_P2.54mm_Vertical";1;"TX3";;;
